vendorCode,legalName,category,address,country,contactPerson,isActive,financialHealth,paymentTerms,lastAnnualRevenue,riskScore
SUP-ebf108f5,Global Alliance for Sponsorships,Sponsorships & Partnerships,"89, rue de Jean 20997 Le Gall-les-Bains",France,Marie Dubois,True,Medium,Net 30,217578.91,35.0
SUP-a1cefd56,AutoCare Deutschland GmbH,Vehicle Maintenance & Repair,Magret-Zobel-Platz 14/93 75158 Zerbst,Germany,Hans Müller,False,Low,Net 90,0.0,15.0
SUP-e987fae9,GreenCycle Waste Solutions B.V.,Waste Management & Recycling,"02099 Geoffrey Brooks Apt. 604 Samirstad, DC 19726",Belgium,Marie Lacroix,True,Low,Net 30,138478.9,0.0
SUP-ad975ee2,N/A,Print & Copy Services,"34, boulevard Adrienne Colas 64903 Bertrand",Luxembourg,Sophie Bertrand,True,Medium,Net 30,0.0,10.0
SUP-fffbfaf4,Global Logistics Solutions GmbH,Freight Forwarding & Customs Brokerage,Wulfstraße 94 86847 Eichstätt,Germany,Anna Müller,False,Low,Net 30,150000.0,15.0
SUP-f1327d67,N/A,Oils & Fats,Björkstigen 44 50908 Luleå,Sweden,Anna Lindqvist,True,Low,Net 30,65261.46,0.0
SUP-3a7fde11,TechVision Nederland,"Audio/Visual Equipment (Projectors, Conferencing Systems)",Stefansteeg 3 1588 IK De Heen,Netherlands,Anna Dekker,True,Low,Net 60,20025.9,0.0
SUP-c33c7862,Florian Food Solutions,Catering & Vending Services,"32107 Florian Ville Suite 457 New Nicolasburgh, IL 27083",Belgium,Liam O'Connor,True,Low,Net 30,0.0,0.0
SUP-063cac08,ErgoFurniture GmbH,Office Furniture & Fixtures,Eberhardt-Schleich-Straße 4 96058 Sankt Goarshausen,Germany,Anna Müller,True,Low,Net 30,166870.25,15.0
SUP-f2a4f9c6,TechLog Conveyor Solutions GmbH,Conveyor Systems,Gisa-Fiebig-Ring 29-81 49187 Hettstedt,Germany,Anna Müller,True,Low,Net 60,0.0,15.0
SUP-77b65afa,SecureGuard Solutions GmbH,Security & Compliance Software,Stahrstraße 5/4 53649 Coburg,Germany,Anna Müller,True,Medium,Net 60,81582.41,25.0
SUP-edda90c6,SecureFuture Solutions,Security Consulting & Risk Assessment,Ilica 4 06837 Beli Manastir,Croatia,Ana Petrovic,True,Low,Net 60,0.0,0.0
SUP-558dded2,Muster GmbH,"Dies, Jigs & Fixtures",Geiselstr. 2 57918 Gelnhausen,Germany,Hans Müller,True,Low,Net 90,0.0,15.0
SUP-395e0d18,Post & Dokumentenmanagement GmbH,Mail & Document Management,Erwin-Roskoth-Gasse 56-21 19572 Badoberan,Germany,Anna Müller,True,Low,Net 30,0.0,15.0
SUP-df3be7dc,CRM Solutions GmbH,Customer Relationship Management (CRM) Tools,Cengiz-Stadelmann-Allee 8-5 95812 Uffenheim,Germany,Anna Schneider,True,Medium,Net 90,313035.32,25.0
SUP-12665e2b,N/A,"Peripherals & Accessories (Printers, Keyboards)",Sölzerstraße 45/79 75559 Neuruppin,Germany,Max Mustermann,True,Medium,Net 60,0.0,25.0
SUP-f0820b68,N/A,Energy Management & Sustainability Services,Karl-August-Drubin-Straße 2/3 46745 Pegnitz,Germany,Anna Müller,True,Low,Net 60,0.0,15.0
SUP-370d249a,Stornobuchungen GmbH,Property Leases & Rent,Kraushaarstr. 9/5 18802 Starnberg,Germany,Anna Müller,True,Low,Net 30,90175.24999999999,15.0
SUP-8718d112,Estonian Mail Solutions Ltd,Mail & Document Management,"84123 Piret Shoal East Anneland, DE 12316",Estonia,Jaanika Kivirähk,True,Low,Net 30,10415.97,0.0
SUP-b05d574a,PropertyLeaseHungary,Property Leases & Rent,Hódmezővásárhelyi utca 194. H-2473 Belsőtapolcanádasd,Hungary,András Kocsis,False,Medium,Net 60,108738.48,10.0
SUP-73c141be,Lithuania Oils & Fats Inc.,Oils & Fats,"86946 Galdikas Valleys Apt. 620 Adrijaville, IL 29477",Lithuania,András Kovács,True,Medium,Net 90,109320.07,10.0
SUP-e9616727,ExpoServ Romania,Trade Show & Exhibition Services,"Aleea Aanei Nr. 726 Baia Mare, 761119",Romania,Ana Maria Topor,True,Low,Net 30,0.0,0.0
SUP-43ee33d6,Insight Analytics GmbH,Brand Tracking & Analytics,Kambsstr. 4/1 64804 Saulgau,Germany,Anna Müller,True,Low,Net 30,271085.51,15.0
SUP-c51d2739,German Security Solutions GmbH,Manned Guarding,Strohgasse 52/58 08905 Kehl,Germany,Anna Müller,True,Medium,Net 60,106550.86,25.0
SUP-0b8429f1,N/A,Order Fulfillment & Value-Added Services,Riehlstr. 782 79861 Wittstock,Germany,Anna Schneider,True,Low,Net 30,0.0,15.0
SUP-5209f8ea,Caltex Castings & Forgings S.A.,Castings & Forgings,"Diagonal 153 # 33-48 Sur Apto. 23 058021 San Andrés de Cuerquía, Antioquia",Colombia,Carlos Mendoza,False,Low,Net 90,311405.31,15.0
SUP-9edbcdb0,SecureGuard Alarm Systeme GmbH,Alarm Systems & Monitoring,Heidrichplatz 701 35399 Iserlohn,Germany,Anna Müller,False,Medium,Net 30,2233.14,25.0
SUP-b1eff380,Netzwerk-Lösungen GmbH,"Managed Services (Helpdesk, Network Management)",Jäntschstr. 37/75 21867 Wolgast,Germany,Anna Schröder,False,Low,Net 90,14215.01,40.0
SUP-39f19935,Latvian Conveyor Solutions,Conveyor Systems,"9446 Siliņš Orchard Apt. 009 Alksneborough, VT 70527",Latvia,Andris Pavlas,True,Low,Net 60,0.0,0.0
SUP-3dfc9ddd,Inova Patentes Ltda.,Intellectual Property & Patents,"Praia Fonseca, 522 Vila São Rafael 58592984 Ferreira / TO",Brazil,Ana Maria Silva,True,Low,Net 60,0.0,15.0
SUP-159e15cd,SecureTech Access Solutions GmbH,Access Control Systems,Albert-Harloff-Platz 584 66474 Zschopau,Germany,Anna Müller,True,Low,Net 30,0.0,15.0
SUP-5a0d18b0,PostMate Deutschland GmbH,Stationery & Consumables,Vladimir-Heß-Ring 4/6 69001 Rochlitz,Germany,Anna Schmidt,True,Low,Net 60,239077.09,15.0
SUP-2d911e90,MediaTrack Solutions GmbH,Brand Tracking & Analytics,Fredy-Schönland-Gasse 4 15508 Rehau,Germany,Thomas Müller,True,Low,Net 60,183467.8,15.0
SUP-7b629e8f,SecureTech Access Solutions GmbH,Access Control Systems,Mahmoud-Cichorius-Gasse 9-7 04094 Königs Wusterhausen,Germany,Anna Müller,True,Low,Net 60,0.0,15.0
SUP-59c86bba,Furniturehaus Kehl GmbH,Office Furniture & Fixtures,Ladeckring 11-13 03593 Kehl,Germany,Anna Schmidt,True,Low,Net 60,0.0,15.0
SUP-06def392,Latvian Precision 3D,3D Printing Services,"12193 Natālija Inlet Apt. 305 West Mihels, NV 68565",Latvia,Elena Petrova,True,Medium,Net 60,0.0,10.0
SUP-469e0830,Serviços Limpeza e Manutenção Ltda.,Janitorial & Cleaning Services,"Praça de Pereira, S/N 7355-513 Chaves",Portugal,Maria Silva,True,Low,Net 90,150000.0,0.0
SUP-6d404562,N/A,Stationery & Consumables,"Avenida António Dias Lourenço, 60 3311-971 Barcelos",Portugal,Ana Sofia Fernandes,True,Low,Net 60,0.0,0.0
SUP-8b102488,MetalCraft Castings GmbH,Castings & Forgings,Veli-Schüler-Ring 4 22172 Miltenberg,Germany,Anna Müller,True,High,Net 90,0.0,40.0
SUP-86769f90,GreenCare Uruguay S.A.,Landscaping & Groundskeeping,"Ronda Toño Vara 84 Badajoz, 03470",Uruguay,Carlos Mendez,True,High,Net 30,0.0,65.0
SUP-26517beb,Eger Energy Solutions,"Utilities (Gas, Electricity, Water)",Ligetvégi tér 215. H-4677 Eger,Hungary,Anna Kovacs,True,Medium,Net 90,0.0,10.0
SUP-29651e7b,N/A,Building Maintenance & HVAC,Birnbaumweg 38-12 29352 Seelow,Germany,Johannes Müller,True,Low,Net 30,0.0,15.0
SUP-670e0f8f,Cooperativa de Vehículos Leasing Uruguaya,Vehicle Leasing & Purchase,"Urbanización de Benita Vaquero 187 Piso 6 Burgos, 24325",Uruguay,Sofia Martínez López,False,Low,Net 60,0.0,15.0
SUP-92b3d2ab,N/A,Sales Training,Keudelstr. 5-2 11042 Tecklenburg,Germany,Anna Müller,True,Low,Net 90,0.0,15.0
SUP-992563bf,SocialSphere GmbH,Influencer & Social Media Marketing,Britt-Bolzmann-Straße 987 04606 Höxter,Germany,Max Mustermann,True,Low,Net 60,0.0,15.0
SUP-47cfbef4,EuroFurnit GmbH,Office Furniture & Fixtures,Kranzstraße 96-27 40935 Gifhorn,Germany,Anna Müller,True,Low,Net 30,65677.23999999999,15.0
SUP-ce3f5f16,Funkwerk Training GmbH,Training & Development,Beyerstraße 5887 47676 Schwerin,Germany,Anna Müller,True,High,Net 90,26789.84,40.0
SUP-6cdb7512,Firmen-Vertragsmanagement GmbH,Litigation & Dispute Resolution,Karl-Josef-Kühnert-Straße 92 20912 Wertingen,Germany,Anna Schneider,True,Low,Net 30,0.0,15.0
SUP-aee2f52d,N/A,Intellectual Property & Patents,Georgios-Lindner-Ring 3 18179 Sigmaringen,Germany,Anna Weber,True,High,Net 60,82356.93,40.0
SUP-4aa1c386,GrünCare Deutschland GmbH,Landscaping & Groundskeeping,Margrafplatz 92/83 13632 Gadebusch,Germany,Anna Müller,False,Low,Net 90,0.0,15.0
SUP-7a46a7ca,AuditPro Solutions,"Audit, Tax & Advisory Services",14 Corless Street T25 RD0C Jennifer Ville,Ireland,Jennifer Ville,True,High,Net 30,72805.02,25.0
SUP-3ea67b67,Lithuania Tech Solutions,"End-User Computing (Laptops, Desktops, Monitors)","15325 Gailys Tunnel Apt. 782 Lake Viltėland, FL 14479",Lithuania,Anna Kowalczyk,True,Medium,Net 60,37399.72,10.0
SUP-f1d8eab7,MetalTech Solutions GmbH,"Non-Ferrous Metals (Aluminum, Copper, Lithium)",Conradiplatz 1-3 55716 Meiningen,Germany,Anna Müller,True,Low,Net 30,26334.5,15.0
SUP-32112199,ShowTime Exhibitions GmbH,Trade Show & Exhibition Services,Clara-Bärer-Weg 7310 98241 Gütersloh,Germany,Anna Schneider,True,Medium,Net 90,0.0,25.0
SUP-47d37bde,Nordic CNC Solutions,CNC Machines & Lathes,"Bakkeskrenten 5, 5771 Kirstenborg",Norway,Einar Vik,True,Low,Net 30,0.0,0.0
SUP-3a3d874c,EnergieManagement GmbH,Energy Management & Sustainability Services,Fechnergasse 57-72 54526 Bad Freienwalde,Germany,Anna Becker,True,Low,Net 30,93394.34,15.0
SUP-e844a762,ImmobilienMiete GmbH,Property Leases & Rent,Beckerweg 63-18 04246 Bersenbrück,Germany,Anna Müller,True,Low,Net 90,26477.26,15.0
SUP-dd65cda5,Mallersdorf Banking Solutions GmbH,Banking & Treasury Services,Sorgatzweg 48 21583 Mallersdorf,Germany,Anna Schmidt,True,Low,Net 90,18701.47,15.0
SUP-95570252,N/A,"Recruitment & Staffing (Permanent, Temporary)","Diagonal Rawson N° 23 San Ferando del Valle de Catamarca 4700, Catamarca",Argentina,Carlos Mendez,True,Medium,Net 30,0.0,25.0
SUP-4494cf42,CloudSphere Solutions,"Cloud & Hosting (IaaS, PaaS, SaaS)",충청남도 안양시 만안구 양재천724가 311-82 (영길조면),South Korea,Lee Sun-Jae,True,Low,Net 90,32290.57,0.0
SUP-d0366f62,SkyOcean Logistics GmbH,Air & Ocean Freight,Karzstraße 79-42 68228 Querfurt,Germany,Anna Becker,True,Low,Net 60,70999.90000000001,15.0
SUP-f43404ae,KOMPETENZTRAINING GmbH,Training & Development,Romana-Eberhardt-Platz 5-6 82643 Eilenburg,Germany,Anna Schmidt,True,Low,Net 30,118328.81,15.0
SUP-e925e86a,3PL Solutions s.r.o.,3rd Party Logistics (3PL) Services,Rýmařovská 671 130 25 Žacléř,Czech Republic,Jan Novak,True,Low,Net 30,0.0,0.0
SUP-dea9abc5,CleanPro Scandinavia AB,Janitorial & Cleaning Services,Åkervägen 3 36797 Stockholm,Sweden,Anna Lindberg,True,Low,Net 90,20578.11,0.0
SUP-b6673668,TeleFleet Solutions GmbH,Telematics & Fleet Tracking,Jochen-Pohl-Ring 45-95 62153 Oranienburg,Germany,Anna Becker,True,Medium,Net 90,91402.76,25.0
SUP-e66667bd,N/A,Print & Copy Services,Myriam-Hellwig-Weg 870 64933 Kassel,Germany,Anna Becker,True,Low,Net 90,0.0,15.0
SUP-47752d48,N/A,Waste Management & Recycling,Kabbelejegade 95 7175 Asaa,Denmark,Anna Jensen,True,Medium,Net 60,0.0,10.0
SUP-3abe9a93,GmbH Audit und Steuerberatung,"Audit, Tax & Advisory Services",Johannweg 9216 94508 Schwäbisch Gmünd,Germany,Anna Müller,True,Low,Net 90,466686.13,15.0
SUP-c29e1ccb,Ocean Air Logistics GmbH,Air & Ocean Freight,Hans-Christian-Krause-Allee 7 06275 Gütersloh,Germany,Hans-Christian Krause,True,Low,Net 60,0.0,15.0
SUP-738d7f09,Optima Banking Solutions GmbH,Banking & Treasury Services,Södingplatz 4465 15425 Wiedenbrück,Germany,Anna Schmidt,True,Low,Net 60,47512.24,40.0
SUP-08d1195f,Chilean Resins S.A.,"Resins (PET, HDPE)","Calle Las Malvas 383 Of. 3435 Casablanca, Región de Valparaíso",Chile,Luis Fernández,True,High,Net 30,195446.84,57.5
SUP-c2a5b13e,Box Solutions Fr,Corrugated Boxes & Cartons,"31, rue de Marion 61327 Sainte Danielledan",France,Jean Dupont,True,Medium,Net 60,410351.91000000003,10.0
SUP-3e3ecbe0,BestValue Logistics GmbH,Order Fulfillment & Value-Added Services,Kaulallee 12-78 94142 Perleberg,Germany,Anna Schneider,True,Low,Net 60,71123.91,15.0
SUP-1f8ea7d2,Netzwerke Technik GmbH,"Telecommunications (Mobile, Fixed Line, Internet)",Elfriede-Ackermann-Straße 18 04822 Groß-Gerau,Germany,Elfriede Ackermann,True,Low,Net 90,0.0,40.0
SUP-0995d758,N/A,Influencer & Social Media Marketing,"Ροβιών 436, 821 30 Λάρισα",Greece,Μαρία Δημητρίου,True,Low,Net 30,0.0,0.0
SUP-a8c11e4d,PROMO-ART GmbH,Promotional Goods & Branded Merchandise,Hinrich-Gierschner-Straße 6-2 49045 Pegnitz,Germany,Anna Schmidt,True,Low,Net 60,150000.0,15.0
SUP-7b091946,OptiWork Solutions,"Productivity & Collaboration Suites (Office, Email)",Koširjeva ulica 5c 6858 Ajdovščina,Slovenia,Marko Novak,True,Low,Net 30,37032.92,0.0
SUP-cfff7967,Caroline's Fuel and Card Solutions Ltd,"Fuel, Fuel Cards & Management",Flat 30 Caroline dam Pageville M18 6WR,United Kingdom,James Thompson,True,Low,Net 30,32184.97,0.0
SUP-8b77b9a0,LabelMaster GmbH,Labels & Inserts,Seifertgasse 2 46291 Flöha,Germany,Anna Müller,True,Medium,Net 90,5009.9,25.0
SUP-367a66a5,N/A,"Analytical Equipment (Spectrometers, Microscopes)","Jørgensenringen 5A, 3065 Ingeborgvik",Norway,Ingrid Olsen,True,Low,Net 60,6125.76,0.0
SUP-43bd24df,N/A,Lead Generation Services,Charlotte-Stoll-Ring 77-28 88378 Lippstadt,Germany,Anna Weber,True,Low,Net 90,0.0,15.0
SUP-a22319e3,Incentive Solutions GmbH,Sales Incentive & Reward Programs,Waltraut-Schlosser-Weg 1/3 92058 Rastatt,Germany,Anna Schmidt,True,Low,Net 90,34690.27,15.0
SUP-dc79a280,TransEuro Logistics Solutions,Freight Forwarding & Customs Brokerage,"63, boulevard Guyon 93375 Sainte Sabine",France,Jean-Michel Dubois,False,Low,Net 30,0.0,0.0
SUP-89ada60c,Estonian Leads Solutions Ltd,Lead Generation Services,"41399 Kirs Hollow Katrinhaven, LA 51848",Estonia,Anna Martens,True,Medium,Net 60,269054.96,10.0
SUP-02af31f0,ErgoFurniture GmbH,Office Furniture & Fixtures,Liebeltweg 32 65337 Rehau,Germany,Anna Schmidt,True,Low,Net 30,14348.8,15.0
SUP-f935e212,Motala Property Solutions AB,Property Leases & Rent,Ringgränd 619 26899 Motala,Sweden,Anna Lindberg,True,Low,Net 60,16657.71,0.0
SUP-208d3581,N/A,Property Leases & Rent,Natalia-Rogge-Straße 85-73 74240 Sebnitz,Germany,Dr. Hartmut Weber,True,Medium,Net 90,0.0,25.0
SUP-f3dcd627,IP Solutions GmbH,Intellectual Property & Patents,Andersring 74 39966 Gießen,Germany,Anna Müller,True,Low,Net 90,0.0,15.0
SUP-b1215581,HRAssist Technologieberatung GmbH,HR Consulting & Technology,Jacobstr. 4156 82274 Rudolstadt,Germany,Anna Weber,True,Low,Net 30,116573.98999999999,15.0
SUP-5a0ffd38,Germany Road Freight Solutions GmbH,"Road Freight (FTL, LTL)",Carolina-Renner-Platz 634 18310 Recklinghausen,Germany,Anna Schmitt,True,Low,Net 60,0.0,15.0
SUP-ff6d2275,Oel- und Fettspezialitäten GmbH,Oils & Fats,Semra-Gorlitz-Straße 3/7 09954 Hünfeld,Germany,Anna Müller,True,Medium,Net 60,679.14,50.0
SUP-0a7d8fce,AutoCare Deutschland GmbH,Vehicle Maintenance & Repair,Warmerallee 50/75 78016 Sondershausen,Germany,Hans Müller,True,Medium,Net 30,0.0,25.0
SUP-19928e1e,N/A,Janitorial & Cleaning Services,"Avda. Javiera Castillo 1128 Piso 0 Ovalle, Región de Coquimbo",Chile,María Fernanda Gómez,True,Low,Net 30,0.0,15.0
SUP-06b776d7,SkillsGrowth GmbH,Training & Development,Martinplatz 5126 96097 Stadtsteinach,Germany,Anna Becker,True,Low,Net 60,7687.76,15.0
SUP-313f1ddd,N/A,Parcel & Courier Services,"Paseo de Federico Prieto 20 Apt. 65 Alicante, 09142",Spain,Carlos Fernández López,True,Low,Net 90,157530.79,25.0
SUP-92db5471,FreightExpress GmbH,"Road Freight (FTL, LTL)",Seipgasse 7 25323 Werdau,Germany,Max Mustermann,True,Low,Net 90,34645.68,15.0
SUP-92ae3357,Green Horizon Consulting,Environmental & Sustainability Consulting,"0115 Yannick Ville Apt. 732 Port Marine, IN 26452",Belgium,Yannick Ville,True,Medium,Net 60,0.0,10.0
SUP-657e4b11,AutoLeasing GmbH,Vehicle Leasing & Purchase,Evamaria-Drub-Weg 806 83014 Bergzabern,Germany,Anna Schmidt,True,Low,Net 90,0.0,15.0
SUP-68d927d2,LogiValue Solutions GmbH,Order Fulfillment & Value-Added Services,Langernallee 3 34884 Nürtingen,Germany,Anna Müller,False,Low,Net 30,0.0,15.0
SUP-b3ebfbc3,Meininger Print & Kopie GmbH,Print & Copy Services,Rosa-Wilms-Straße 5-6 92521 Meiningen,Germany,Anna Müller,True,Low,Net 60,0.0,15.0
SUP-6b61d347,Swiss Ferrous Solutions Ltd.,"Ferrous Metals (Steel, Iron)",Bolligerstrasse 64 1793 Meyrin,Switzerland,Anna Müller,True,High,Net 30,13932.11,25.0
SUP-a8450aa9,Logiikka Oyj,3rd Party Logistics (3PL) Services,Osuuskunnanpolku 2 69937 Kankaanpää,Finland,Jarmo Pekkalainen,False,Low,Net 60,116889.14,0.0
SUP-7a01cf5d,TechDesign Engineering GmbH,"Engineering & Design (CAD, PLM)",Zobelring 78/41 91885 Bad Brückenau,Germany,Anna Müller,True,Medium,Net 90,149067.31,25.0
SUP-37f7ee94,Express Logistics Italia,"Road Freight (FTL, LTL)","Piazza Daria, 75 Piano 1 54016, Monti (MS)",Italy,Luca Romano,True,Low,Net 60,18356.14,0.0
SUP-9d317167,Bamberg Pallet Solutions GmbH,Pallets & Crates,Arnulf-Siering-Allee 3685 91786 Bamberg,Germany,Anna Müller,True,Low,Net 30,0.0,15.0
SUP-9e9e8bb2,Bankhaus Securitas AG,Banking & Treasury Services,Siglinde-Dowerg-Gasse 82 71651 Anklam,Germany,Hans Müller,True,Medium,Net 60,0.0,25.0
SUP-29c6a6d9,SpeedForm Rapid Prototyping Materials GmbH,Rapid Prototyping Materials,Roskothallee 0 65780 Sternberg,Germany,Anna Schneider,True,Low,Net 60,0.0,15.0
SUP-54e3eb07,EnergieProduktions GmbH,Event Management & Production,Veronika-Flantz-Weg 50 32424 Eberswalde,Germany,Anna Schmidt,True,Low,Net 90,0.0,15.0
SUP-31f04f23,Slovak Energy Solutions,"Utilities (Gas, Electricity, Water)",Handlovská 98 805 99 Sveržov,Slovakia,Ján Novak,True,High,Net 30,20377.45,25.0
SUP-92efbcaa,Blick auf die Zukunft Stationers GmbH,Stationery & Consumables,Dörschnergasse 21 67202 Goslar,Germany,Anna Schneider,True,Low,Net 90,0.0,15.0
SUP-8f7a7ec1,Lithuania Lead Solutions Ltd.,Lead Generation Services,"328 Darius Extension North Faustasshire, NH 22887",Lithuania,András Kovács,True,Low,Net 30,0.0,0.0
SUP-2fd5614d,N/A,Telematics & Fleet Tracking,Gereon-Sauer-Gasse 19-81 13099 Weißwasser,Germany,Anna Müller,True,Medium,Net 90,168119.25,25.0
SUP-41c018fa,InnoWork Solutions,"Productivity & Collaboration Suites (Office, Email)","70, avenue Cécile Nicolas 25457 Louis",Luxembourg,Sophie Dupont,True,Low,Net 30,61497.09,0.0
SUP-a2410af9,TechNet Data Centers GmbH,"Data Center (Servers, Storage)",Jörn-Wohlgemut-Weg 5-5 35808 Sondershausen,Germany,Anna Müller,True,Low,Net 30,39211.26,15.0
SUP-b87367a4,Druck & Kopie Service GmbH,Print & Copy Services,Ehlertallee 8 28273 Anklam,Germany,Max Mustermann,True,Low,Net 90,10987.5,15.0
SUP-dfe322ae,TechSolutions GmbH,"Enterprise Applications (ERP, CRM, SCM)",Weihmannstraße 5-5 43473 Sigmaringen,Germany,Anna Müller,True,Low,Net 30,5898.63,15.0
SUP-a71b8347,Seacargo International AS,Air & Ocean Freight,"Birkelandhagen 60, 4627 Annastad",Norway,Jonas Hansen,True,Medium,Net 30,0.0,10.0
SUP-53a4d4ee,Immobilien Miete GmbH,Property Leases & Rent,Albersstraße 31/78 86554 Malchin,Germany,Anna Müller,True,Low,Net 60,213171.65,40.0
SUP-8f5a9f12,Eutin Injection Molding GmbH,Injection Molded Plastics,Beerstr. 17/39 01129 Eutin,Germany,Anna Müller,True,Low,Net 60,5742.77,15.0
SUP-b6458066,SecureTech Access Solutions GmbH,Access Control Systems,Dragica-Henck-Weg 64-68 32482 Tecklenburg,Germany,Michaela Schmidt,True,Medium,Net 30,0.0,25.0
SUP-98db3ce8,N/A,"Audio/Visual Equipment (Projectors, Conferencing Systems)","Acceso de Ale Jaume 29 Santa Cruz de Tenerife, 03932",Peru,María Elena Ruiz,True,Low,Net 30,15580.43,15.0
SUP-ab2bdfc6,Ludwig Becker Corporate Solutions,Corporate & Commercial Law,"57, rue de Marie 26655 Mathieu",Luxembourg,Sophie Dubois,False,Low,Net 90,0.0,0.0
SUP-d52c027a,Estonian Eco Clean Solutions,Janitorial & Cleaning Services,"98979 Vlassov Shoal Suite 360 Kurvitsport, GA 34183",Estonia,Lauri Kukk,True,Low,Net 90,150544.25999999998,0.0
SUP-f0c3853e,Soluciones de Redes y Soporte,"Managed Services (Helpdesk, Network Management)","Ampliación Solano 756 Edif. 111 , Depto. 060 San Bruno los bajos, CHIS 50467-7890",Mexico,Carlos Méndez González,True,Low,Net 90,150000.0,15.0
SUP-d52326c1,Insight CRM Solutions GmbH,Customer Relationship Management (CRM) Tools,Heidelinde-Sontag-Straße 95/73 20934 Naila,Germany,Anna Müller,True,Low,Net 60,0.0,15.0
SUP-0d23864d,Hochhauer Rechtsanwälte GmbH,Corporate & Commercial Law,Schäferplatz 85-34 22746 Zeulenroda,Germany,Anna Müller,True,High,Net 90,0.0,40.0
SUP-b1e26817,TechSpares GmbH,"General Industrial Spares (Valves, Belts)",Leonore-Mälzer-Gasse 840 22800 Peine,Germany,Anna Müller,True,Low,Net 90,0.0,15.0
SUP-5677bc35,ChemTech Solutions GmbH,Bulk & Specialty Chemicals,Haeringstr. 147 02556 Vilsbiburg,Germany,Anna Müller,True,Medium,Net 60,0.0,25.0
SUP-b9c8798e,SkyNet Solutions,"Cloud & Hosting (IaaS, PaaS, SaaS)","Cañada Mohamed Luque 74 Murcia, 18443",Spain,Ana Martínez,True,Medium,Net 30,26343.35,10.0
SUP-a9c2c417,EuroTrans Logistics GmbH,Freight Forwarding & Customs Brokerage,Sylvie-Junitz-Straße 5 55723 Schwerin,Germany,Andreas Müller,True,Low,Net 90,92950.25,15.0
SUP-f21564d8,LuxPrint Solutions,Print & Copy Services,"547, rue de Lecomte 08549 Colletnec",Luxembourg,Marie Dubois,True,Low,Net 30,0.0,0.0
SUP-77f2b94f,GuardSecure GmbH,Manned Guarding,Weinholdplatz 3/6 87681 Magdeburg,Germany,Anna Müller,True,Medium,Net 60,0.0,25.0
SUP-719998ea,Innovativa Solutions Ltda,"Enterprise Applications (ERP, CRM, SCM)","Pasaje Patricia Sandoval 739 Quilpué, Región de Valparaíso, 4530270",Chile,Carlos Mendoza,True,Low,Net 90,0.0,25.0
SUP-a8855b97,Norwegian Trade Show Solutions,Trade Show & Exhibition Services,"Sørensenmoen 880, 1434 Mariannevær",Norway,Elin Andersen,True,Medium,Net 90,22621.33,10.0
SUP-e5a45f64,SecureTech Solutions Ltd,Security Consulting & Risk Assessment,"PSC 3726, Box 2212 APO AA 96615",Sri Lanka,Rohan Perera,True,Medium,Net 30,14876.22,25.0
SUP-10bd4282,Silicon Valley Passive Solutions GmbH,"Passive Components (Resistors, Capacitors)",Wähnerstr. 836 75975 Hagenow,Germany,Anna Müller,True,Medium,Net 90,0.0,25.0
SUP-6fa9ce24,N/A,"Networking (Routers, Switches, Firewalls)",Beyerstr. 31-53 58136 Eichstätt,Germany,Anna Müller,True,Medium,Net 60,0.0,25.0
SUP-7b312f6a,Erkelenz Precision Machining GmbH,Machined Parts,Volkhard-Gumprich-Gasse 11-68 19401 Erkelenz,Germany,Thomas Schmidt,True,Low,Net 60,25856.01,15.0
SUP-baa74554,Optima LubriTech GmbH,"Lubricants, Oils & Greases",Jähnallee 5645 97395 Wittstock,Germany,Anna Müller,True,Medium,Net 30,0.0,25.0
SUP-9a5998a2,LegalShield Solutions GmbH,Litigation & Dispute Resolution,Walfried-Krebs-Gasse 6-6 80226 Luckenwalde,Germany,Anna Müller,True,Medium,Net 90,9013.64,50.0
SUP-cce712d0,LogiTrans S.L.,3rd Party Logistics (3PL) Services,"Pasadizo de Beatriz Alemany 56 Asturias, 44322",Spain,María López Gómez,True,High,Net 90,141829.03,25.0
SUP-997c11fc,N/A,"Media Buying (Print, Broadcast, Digital)",Steuerallee 66/18 52275 Moers,Germany,Max Mustermann,True,Low,Net 60,49108.01,15.0
SUP-b0bf7037,TechDesign Engineering GmbH,"Engineering & Design (CAD, PLM)",Rosemannstraße 656 23967 Hannover,Germany,Anna Müller,True,Medium,Net 60,3709.95,25.0
SUP-9f7137eb,Furniture Plus España,Office Furniture & Fixtures,"Paseo Pedro Zaragoza 852 Huelva, 33347",Spain,Ana García López,True,Medium,Net 30,0.0,10.0
SUP-bf5445f6,BizzTech Lead Solutions GmbH,Lead Generation Services,Putzgasse 673 30164 Dinslaken,Germany,Anna Müller,False,Low,Net 90,0.0,15.0
SUP-a60d618a,"SafeGuard Protective Equipment Co., Ltd.","Safety Gloves, Goggles & Hard Hats",9/6 ถนนถนัดหัตถกรรม อำเภอนาหว้า พิษณุโลก 42150,Thailand,Narit Surawat,True,High,Net 90,88889.39,40.0
SUP-dda96041,Quantum Data Solutions BVBA,"Data Center (Servers, Storage)","PSC 5614, Box 1694 APO AP 47465",Belgium,Elsa Verstraete,True,Medium,Net 30,0.0,10.0
SUP-e312072f,Mittelpunkt Catering GmbH,Catering & Vending Services,Schäferallee 705 07622 Mallersdorf,Germany,Anna Müller,True,Medium,Net 90,0.0,25.0
SUP-5f8cc97f,IntelliVision AG,Competitor Intelligence Services,Metin-Ernst-Gasse 781 16758 Neu-Ulm,Germany,Anna Weber,True,Low,Net 60,25654.46,15.0
SUP-e5263d4c,Data Insights Analytics GmbH,"Data, Surveys & Analysis",Junckweg 9 30606 Olpe,Germany,Anna Müller,True,Low,Net 90,14097.67,15.0
SUP-3ce24001,Finland Insights Co.,Competitor Intelligence Services,Ostoskuja 63 48868 Taivalkoski,Finland,Jarmo Kallio,True,Low,Net 90,40723.3,0.0
SUP-ede1994d,Delicious Catering Solutions,Catering & Vending Services,"379 James Vista Suite 469 New Kevinborough, AB E7R4H4",Canada,Sarah Thompson,True,Low,Net 90,0.0,0.0
SUP-a1ddc063,Oberliga Promotion GmbH,Promotional Goods & Branded Merchandise,Schaafgasse 9/6 54869 Olpe,Germany,Anna Becker,True,Medium,Net 90,0.0,25.0
SUP-01f93fb5,Estonian Assurance Solutions,"Audit, Tax & Advisory Services","626 Piret Lake West Julia, PR 79211",Estonia,Anna Kiviste,True,Low,Net 30,7506.55,0.0
SUP-51c242d5,N/A,Management & Strategy Consulting,Conradiring 1/7 75541 Merseburg,Germany,Thomas Schmidt,True,Low,Net 60,7135.5,15.0
SUP-6be519f6,EuroIncentives GmbH,Sales Incentive & Reward Programs,Diether-Schottin-Ring 569 05063 Kassel,Germany,Anna Becker,True,High,Net 90,0.0,40.0
SUP-d5b34dcb,Giesener Kraftstoffe GmbH,"Fuel, Fuel Cards & Management",Fröhlichallee 33 50690 Gießen,Germany,Anna Schmidt,True,Medium,Net 90,0.0,25.0
SUP-079df3c3,RoboTech Solutions GmbH,Assembly Line Automation & Robotics,Täscheweg 930 28501 Weißenfels,Germany,Anna Müller,True,Low,Net 30,360629.70999999996,15.0
SUP-582db558,ExpoServe Deutschland GmbH,Trade Show & Exhibition Services,Antonina-Gieß-Weg 61-55 75407 Weimar,Germany,Anna Müller,True,Low,Net 90,0.0,15.0
SUP-bee2f58e,Ranua Trade Experiences Ltd,Trade Show & Exhibition Services,Tuomarinkylänkuja 21 41361 Ranua,Finland,Eeva Virta,True,Low,Net 30,0.0,10.0
SUP-c8778007,Stuhlwerkstatt Heiligenstadt GmbH,Office Furniture & Fixtures,Lindauring 415 64804 Heiligenstadt,Germany,Anna Weber,True,Medium,Net 30,0.0,50.0
SUP-428e179b,N/A,"Data Center (Servers, Storage)","Paseo de Gala Yáñez 3 Segovia, 18608",Uruguay,Luisa Fernández,True,Low,Net 60,88170.48,15.0
SUP-a329c0aa,Zachary Print Solutions,Print & Copy Services,"23934 Zachary Plaza South Marymouth, CA 21057",Egypt,John Smith,True,Medium,Net 60,74842.88,40.0
SUP-30adb487,N/A,Conveyor Systems,"Bulevardul Popa Carei, 177112",Romania,Marius Ionut Stefan,True,Medium,Net 30,0.0,10.0
SUP-3da38598,Ocean Air Logistics Ltd.,Air & Ocean Freight,Pod akacijami 8a 2689 Sežana,Slovenia,Janez Novak,True,Low,Net 90,214244.49,0.0
SUP-5b82c6f6,Codyport Print Solutions,Print & Copy Services,"26833 Gregory Walks Suite 904 West Codyport, MA 90575",United States,Emily Johnson,True,High,Net 60,31271.8,25.0
SUP-25229fbe,N/A,Office Furniture & Fixtures,Steuerstraße 22/79 93019 Pritzwalk,Germany,Anna Becker,False,Low,Net 60,27959.31,40.0
SUP-677b883e,Molding Solutions GmbH,Injection Molded Plastics,Luise-Heidrich-Allee 913 37553 Sebnitz,Germany,Anna Müller,True,Low,Net 90,0.0,15.0
SUP-d41bfc9c,Druck- und Kopiemanufaktur GmbH,Print & Copy Services,Junckstraße 8988 58336 Fallingbostel,Germany,Anna Müller,True,Low,Net 90,132702.68,15.0
SUP-a204ecaf,N/A,Oils & Fats,Bohnbachgasse 2-1 22264 Luckenwalde,Germany,Hans Müller,True,Low,Net 30,180118.44999999998,15.0
SUP-06ffe34e,N/A,Intellectual Property & Patents,Kuhnstrasse 9 1695 Kriens,Switzerland,Anna Müller,True,High,Net 30,0.0,25.0
SUP-dcb82063,DataVision Analytics Solutions,"Business Intelligence & Analytics (BI, Data Visualization)","Πουρνάρα 00, ΤΚ 49960 Χανιά",Greece,Maria Kostantina Papadopoulos,True,Low,Net 30,148010.03999999998,0.0
SUP-7a12c9fa,TerraClean GmbH,Cleaning Agents & Janitorial Supplies,Schottingasse 78/29 64275 Grimma,Germany,Anna Schmidt,True,Medium,Net 60,112066.17,25.0
SUP-fef2910d,SecureGuard Cyber Solutions GmbH,"Cybersecurity Services (Pen Testing, Monitoring, SOC)",Schleichplatz 32-14 77516 Senftenberg,Germany,Anna Becker,True,Low,Net 90,2997.98,15.0
SUP-7142a9ea,N/A,Labels & Inserts,Falk-Rosemann-Platz 89/52 29162 Berchtesgaden,Germany,Thomas Müller,True,Low,Net 60,31611.8,15.0
SUP-b4f51b18,MantTech Deutschland GmbH,Building Maintenance & HVAC,Gitta-Pölitz-Straße 17/83 68199 Mettmann,Germany,Hans Müller,True,High,Net 90,0.0,40.0
SUP-2d6bffa9,SalesForce Solutions GmbH,Customer Relationship Management (CRM) Tools,Heserstr. 7738 46075 Gardelegen,Germany,Anna Schmidt,True,Low,Net 30,0.0,15.0
SUP-d2b717af,DocsMaster Slovakia,Mail & Document Management,Košická 49 923 82 Bátovce,Slovakia,Anna Novak,True,Medium,Net 30,126024.60999999999,10.0
SUP-47003a7c,TechSolutions GmbH,IT Consulting & Implementation,Bolnbachstraße 95-16 96094 Miltenberg,Germany,Anna Schmidt,False,High,Net 90,0.0,40.0
SUP-de1b9e98,Hungarian Inventory Solutions Ltd.,Inventory Management Systems,Hidai utca 194. H-4977 Hídvég,Hungary,Péter Kovács,True,Medium,Net 90,0.0,10.0
SUP-46aab4bc,AutoLeasing GmbH,Vehicle Leasing & Purchase,Ortrun-Schmiedecke-Ring 7-5 70212 Naila,Germany,Hans Meier,True,Low,Net 60,17208.06,15.0
SUP-8bd83c75,SecureGuard Solutions Oy,Security & Compliance Software,Rapakivenkatu 52 93672 Kemiönsaari,Finland,Anna Lehtonen,True,Low,Net 60,0.0,0.0
SUP-1be7462b,Incentive Solutions GmbH,Sales Incentive & Reward Programs,Maurice-Reising-Platz 166 28577 Wanzleben,Germany,Anna Schmidt,True,Low,Net 90,0.0,15.0
SUP-fbb02420,Innovative Sponsorship Solutions GmbH,Sponsorships & Partnerships,Bruni-Faust-Platz 2484 36893 Günzburg,Germany,Anna Müller,True,Low,Net 90,162906.54,15.0
SUP-cdf2db45,Sollution Catering GmbH,Catering & Vending Services,Franziska-Hölzenbecher-Allee 0 67047 Weißenfels,Germany,Franziska Hölzenbecher,True,Medium,Net 60,80454.14,25.0
SUP-bde6d919,Impactos Digitais,Influencer & Social Media Marketing,"Campo Alves, 35 Marçola 97052-908 Marques das Flores / RS",Brazil,Ana Maria Santos,True,Low,Net 30,40174.59,15.0
SUP-4f441559,Herstelcast GmbH,Castings & Forgings,Almuth-Pergande-Platz 97-99 18594 Genthin,Germany,Anna Becker,True,Medium,Net 60,36685.48,25.0
SUP-923a45cd,CloudSphere Solutions GmbH,"Cloud & Hosting (IaaS, PaaS, SaaS)",Carlos-Schacht-Gasse 8/2 36520 Aurich,Germany,Anna Müller,True,Low,Net 90,0.0,15.0
SUP-65a145ca,HR Tech Solutions Ltd.,HR Consulting & Technology,Unit 1189 Box 3292 DPO AE 08475,Bulgaria,Ana Petrova,False,High,Net 30,272530.3,25.0
SUP-40fa6743,German Steel Solutions GmbH,"Ferrous Metals (Steel, Iron)",Mudeallee 94-75 75200 Eisenhüttenstadt,Germany,Thomas Becker,True,Low,Net 90,223819.09000000003,15.0
SUP-d5da126d,Bayregens Design Office,Office Furniture & Fixtures,Weinhagestraße 297 55405 Bayreuth,Germany,Anna Wagner,True,Low,Net 90,0.0,15.0
SUP-378e2b57,TechPerfekte GmbH,"Peripherals & Accessories (Printers, Keyboards)",Hartmanngasse 9728 24281 Lübz,Germany,Anna Müller,True,Medium,Net 60,53357.68,25.0
SUP-f3355d8c,ExpressLogistics GmbH,Parcel & Courier Services,Sofie-Kambs-Weg 9/9 80459 Tirschenreuth,Germany,Michael Weber,True,High,Net 30,31897.039999999997,40.0
SUP-2cfc533c,Miroslav Reuter Precision Solutions GmbH,"Dies, Jigs & Fixtures",Miroslav-Reuter-Gasse 1-3 55695 Wunsiedel,Germany,Anna Schmidt,True,Medium,Net 30,500.0,25.0
SUP-d419b560,NetSecure Solutions Ltd.,"Networking (Routers, Switches, Firewalls)","93624 Kibor Ridges West Martin, DC 08235",Kenya,John Mwangi,True,Low,Net 60,2051.48,30.0
SUP-4bf372e6,Verlagsdienstleistungen GmbH,Merchandising Services,Blochstraße 843 96568 Görlitz,Germany,Anna Müller,True,Low,Net 60,0.0,15.0
SUP-89737a90,PrintPro Services Thailand,Print & Copy Services,45/9 ถนนบุตดา บางแค บ้านแท่น สุรินทร์ 60120,Thailand,Johnathan Smith,True,High,Net 90,0.0,40.0
SUP-79c79079,Accessoires Imprimantes et Peripheriques,"Peripherals & Accessories (Printers, Keyboards)",rue Blanc 13811 Thierryboeuf,France,Thierry Boëuf,True,Medium,Net 30,0.0,10.0
SUP-28fe5d35,Līga Dabāde,Parcel & Courier Services,"94782 Lūsis Radial Zvirbulehaven, AR 97484",Latvia,Andris Krūmmanis,True,Medium,Net 30,0.0,35.0
SUP-ee96e3b8,N/A,"Recruitment & Staffing (Permanent, Temporary)",Schachtweg 28 81493 Wesel,Germany,Anna Müller,True,Low,Net 30,0.0,15.0
